{"loss": [2.4906333974202473, 1.3367304470062256, 1.3334476461198594, 1.3334492287953694, 1.3334512189865113, 1.3336521792517768, 1.3334705242792766, 1.3338732454511855, 1.3340312248441908, 1.3334952024035984, 1.3340655698564317, 1.359470831680298, 1.3334761659622192, 1.3337849335564507, 1.3335914154052735, 1.5603742812686496, 1.8119276507059734, 1.3359073738945855, 1.3675477176878188, 1.3493349551730687, 1.3451077269024319, 1.3344545200347901, 1.3896749148474798, 1.3348614476733738, 1.3464495024787055, 2.049235124715169, 1.3362721953074137, 1.6432160857306586, 1.3600520905176798, 50.63175149580638], "val_loss": [1.3310448350906372, 1.3310307628631592, 1.3310278186798095, 1.331071912384033, 1.3310420829772949, 1.3310439323425294, 1.3310235919952393, 1.3310227661132812, 1.331043648147583, 1.3310233098983764, 1.3310036937713623, 1.3310317905426026, 1.3310265413284301, 1.331052307510376, 1.3309888189315795, 1.331044393348694, 1.3311073362350463, 1.3310212728500366, 1.3312242519378663, 1.3310585096359253, 1.3310984550476075, 1.331460612487793, 1.3310625560760498, 1.3310005210876465, 1.3600325487136842, 1.3316585609436036, 1.3317538969039917, 1.3311002750396728, 1.3317255918502808, 1.3325333850860597]}